,Year,Cost,Energy Cost,Capacity,Energy Source
490,2010,0.07818927,Bioenergy levelized cost of energy,1025434.3921,Hydropower
491,2010,0.07818927,Bioenergy levelized cost of energy,177810.947,Onshore wind energy
492,2010,0.07818927,Bioenergy levelized cost of energy,3055.35,Offshore wind energy
493,2010,0.07818927,Bioenergy levelized cost of energy,40337.81,Solar photovoltaic
494,2010,0.07818927,Bioenergy levelized cost of energy,1265.82,Concentrated solar power
495,2010,0.07818927,Bioenergy levelized cost of energy,65593.861,Bioenergy
496,2010,0.07818927,Bioenergy levelized cost of energy,10235.165,Geothermal
497,2010,0.05044529,Geothermal levelized cost of energy,1025434.3921,Hydropower
498,2010,0.05044529,Geothermal levelized cost of energy,177810.947,Onshore wind energy
499,2010,0.05044529,Geothermal levelized cost of energy,3055.35,Offshore wind energy
500,2010,0.05044529,Geothermal levelized cost of energy,40337.81,Solar photovoltaic
501,2010,0.05044529,Geothermal levelized cost of energy,1265.82,Concentrated solar power
502,2010,0.05044529,Geothermal levelized cost of energy,65593.861,Bioenergy
503,2010,0.05044529,Geothermal levelized cost of energy,10235.165,Geothermal
504,2010,0.18785676,Offshore wind levelized cost of energy,1025434.3921,Hydropower
505,2010,0.18785676,Offshore wind levelized cost of energy,177810.947,Onshore wind energy
506,2010,0.18785676,Offshore wind levelized cost of energy,3055.35,Offshore wind energy
507,2010,0.18785676,Offshore wind levelized cost of energy,40337.81,Solar photovoltaic
508,2010,0.18785676,Offshore wind levelized cost of energy,1265.82,Concentrated solar power
509,2010,0.18785676,Offshore wind levelized cost of energy,65593.861,Bioenergy
510,2010,0.18785676,Offshore wind levelized cost of energy,10235.165,Geothermal
511,2010,0.41714868,Solar photovoltaic levelized cost of energy,1025434.3921,Hydropower
512,2010,0.41714868,Solar photovoltaic levelized cost of energy,177810.947,Onshore wind energy
513,2010,0.41714868,Solar photovoltaic levelized cost of energy,3055.35,Offshore wind energy
514,2010,0.41714868,Solar photovoltaic levelized cost of energy,40337.81,Solar photovoltaic
515,2010,0.41714868,Solar photovoltaic levelized cost of energy,1265.82,Concentrated solar power
516,2010,0.41714868,Solar photovoltaic levelized cost of energy,65593.861,Bioenergy
517,2010,0.41714868,Solar photovoltaic levelized cost of energy,10235.165,Geothermal
518,2010,0.3580038,Concentrated solar power levelized cost of energy,1025434.3921,Hydropower
519,2010,0.3580038,Concentrated solar power levelized cost of energy,177810.947,Onshore wind energy
520,2010,0.3580038,Concentrated solar power levelized cost of energy,3055.35,Offshore wind energy
521,2010,0.3580038,Concentrated solar power levelized cost of energy,40337.81,Solar photovoltaic
522,2010,0.3580038,Concentrated solar power levelized cost of energy,1265.82,Concentrated solar power
523,2010,0.3580038,Concentrated solar power levelized cost of energy,65593.861,Bioenergy
524,2010,0.3580038,Concentrated solar power levelized cost of energy,10235.165,Geothermal
525,2010,0.038882706,Hydropower levelized cost of energy,1025434.3921,Hydropower
526,2010,0.038882706,Hydropower levelized cost of energy,177810.947,Onshore wind energy
527,2010,0.038882706,Hydropower levelized cost of energy,3055.35,Offshore wind energy
528,2010,0.038882706,Hydropower levelized cost of energy,40337.81,Solar photovoltaic
529,2010,0.038882706,Hydropower levelized cost of energy,1265.82,Concentrated solar power
530,2010,0.038882706,Hydropower levelized cost of energy,65593.861,Bioenergy
531,2010,0.038882706,Hydropower levelized cost of energy,10235.165,Geothermal
532,2010,0.102061465,Onshore wind levelized cost of energy,1025434.3921,Hydropower
533,2010,0.102061465,Onshore wind levelized cost of energy,177810.947,Onshore wind energy
534,2010,0.102061465,Onshore wind levelized cost of energy,3055.35,Offshore wind energy
535,2010,0.102061465,Onshore wind levelized cost of energy,40337.81,Solar photovoltaic
536,2010,0.102061465,Onshore wind levelized cost of energy,1265.82,Concentrated solar power
537,2010,0.102061465,Onshore wind levelized cost of energy,65593.861,Bioenergy
538,2010,0.102061465,Onshore wind levelized cost of energy,10235.165,Geothermal
539,2011,0.056684334,Bioenergy levelized cost of energy,1056907.82,Hydropower
540,2011,0.056684334,Bioenergy levelized cost of energy,216344.815,Onshore wind energy
541,2011,0.056684334,Bioenergy levelized cost of energy,3775.81,Offshore wind energy
542,2011,0.056684334,Bioenergy levelized cost of energy,72215.973,Solar photovoltaic
543,2011,0.056684334,Bioenergy levelized cost of energy,1704.52,Concentrated solar power
544,2011,0.056684334,Bioenergy levelized cost of energy,71832.048,Bioenergy
545,2011,0.056684334,Bioenergy levelized cost of energy,10375.965,Geothermal
546,2011,,Geothermal levelized cost of energy,1056907.82,Hydropower
547,2011,,Geothermal levelized cost of energy,216344.815,Onshore wind energy
548,2011,,Geothermal levelized cost of energy,3775.81,Offshore wind energy
549,2011,,Geothermal levelized cost of energy,72215.973,Solar photovoltaic
550,2011,,Geothermal levelized cost of energy,1704.52,Concentrated solar power
551,2011,,Geothermal levelized cost of energy,71832.048,Bioenergy
552,2011,,Geothermal levelized cost of energy,10375.965,Geothermal
553,2011,0.19754878,Offshore wind levelized cost of energy,1056907.82,Hydropower
554,2011,0.19754878,Offshore wind levelized cost of energy,216344.815,Onshore wind energy
555,2011,0.19754878,Offshore wind levelized cost of energy,3775.81,Offshore wind energy
556,2011,0.19754878,Offshore wind levelized cost of energy,72215.973,Solar photovoltaic
557,2011,0.19754878,Offshore wind levelized cost of energy,1704.52,Concentrated solar power
558,2011,0.19754878,Offshore wind levelized cost of energy,71832.048,Bioenergy
559,2011,0.19754878,Offshore wind levelized cost of energy,10375.965,Geothermal
560,2011,0.31129825,Solar photovoltaic levelized cost of energy,1056907.82,Hydropower
561,2011,0.31129825,Solar photovoltaic levelized cost of energy,216344.815,Onshore wind energy
562,2011,0.31129825,Solar photovoltaic levelized cost of energy,3775.81,Offshore wind energy
563,2011,0.31129825,Solar photovoltaic levelized cost of energy,72215.973,Solar photovoltaic
564,2011,0.31129825,Solar photovoltaic levelized cost of energy,1704.52,Concentrated solar power
565,2011,0.31129825,Solar photovoltaic levelized cost of energy,71832.048,Bioenergy
566,2011,0.31129825,Solar photovoltaic levelized cost of energy,10375.965,Geothermal
567,2011,0.34665465,Concentrated solar power levelized cost of energy,1056907.82,Hydropower
568,2011,0.34665465,Concentrated solar power levelized cost of energy,216344.815,Onshore wind energy
569,2011,0.34665465,Concentrated solar power levelized cost of energy,3775.81,Offshore wind energy
570,2011,0.34665465,Concentrated solar power levelized cost of energy,72215.973,Solar photovoltaic
571,2011,0.34665465,Concentrated solar power levelized cost of energy,1704.52,Concentrated solar power
572,2011,0.34665465,Concentrated solar power levelized cost of energy,71832.048,Bioenergy
573,2011,0.34665465,Concentrated solar power levelized cost of energy,10375.965,Geothermal
574,2011,0.03656066,Hydropower levelized cost of energy,1056907.82,Hydropower
575,2011,0.03656066,Hydropower levelized cost of energy,216344.815,Onshore wind energy
576,2011,0.03656066,Hydropower levelized cost of energy,3775.81,Offshore wind energy
577,2011,0.03656066,Hydropower levelized cost of energy,72215.973,Solar photovoltaic
578,2011,0.03656066,Hydropower levelized cost of energy,1704.52,Concentrated solar power
579,2011,0.03656066,Hydropower levelized cost of energy,71832.048,Bioenergy
580,2011,0.03656066,Hydropower levelized cost of energy,10375.965,Geothermal
581,2011,0.09648669,Onshore wind levelized cost of energy,1056907.82,Hydropower
582,2011,0.09648669,Onshore wind levelized cost of energy,216344.815,Onshore wind energy
583,2011,0.09648669,Onshore wind levelized cost of energy,3775.81,Offshore wind energy
584,2011,0.09648669,Onshore wind levelized cost of energy,72215.973,Solar photovoltaic
585,2011,0.09648669,Onshore wind levelized cost of energy,1704.52,Concentrated solar power
586,2011,0.09648669,Onshore wind levelized cost of energy,71832.048,Bioenergy
587,2011,0.09648669,Onshore wind levelized cost of energy,10375.965,Geothermal
588,2012,0.06187914,Bioenergy levelized cost of energy,1090156.2277,Hydropower
589,2012,0.06187914,Bioenergy levelized cost of energy,261582.869,Onshore wind energy
590,2012,0.06187914,Bioenergy levelized cost of energy,5333.95,Offshore wind energy
591,2012,0.06187914,Bioenergy levelized cost of energy,101746.325,Solar photovoltaic
592,2012,0.06187914,Bioenergy levelized cost of energy,2566.52,Concentrated solar power
593,2012,0.06187914,Bioenergy levelized cost of energy,76918.652,Bioenergy
594,2012,0.06187914,Bioenergy levelized cost of energy,10748.065,Geothermal
595,2012,0.08569454,Geothermal levelized cost of energy,1090156.2277,Hydropower
596,2012,0.08569454,Geothermal levelized cost of energy,261582.869,Onshore wind energy
597,2012,0.08569454,Geothermal levelized cost of energy,5333.95,Offshore wind energy
598,2012,0.08569454,Geothermal levelized cost of energy,101746.325,Solar photovoltaic
599,2012,0.08569454,Geothermal levelized cost of energy,2566.52,Concentrated solar power
600,2012,0.08569454,Geothermal levelized cost of energy,76918.652,Bioenergy
601,2012,0.08569454,Geothermal levelized cost of energy,10748.065,Geothermal
602,2012,0.16660058,Offshore wind levelized cost of energy,1090156.2277,Hydropower
603,2012,0.16660058,Offshore wind levelized cost of energy,261582.869,Onshore wind energy
604,2012,0.16660058,Offshore wind levelized cost of energy,5333.95,Offshore wind energy
605,2012,0.16660058,Offshore wind levelized cost of energy,101746.325,Solar photovoltaic
606,2012,0.16660058,Offshore wind levelized cost of energy,2566.52,Concentrated solar power
607,2012,0.16660058,Offshore wind levelized cost of energy,76918.652,Bioenergy
608,2012,0.16660058,Offshore wind levelized cost of energy,10748.065,Geothermal
609,2012,0.23263325,Solar photovoltaic levelized cost of energy,1090156.2277,Hydropower
610,2012,0.23263325,Solar photovoltaic levelized cost of energy,261582.869,Onshore wind energy
611,2012,0.23263325,Solar photovoltaic levelized cost of energy,5333.95,Offshore wind energy
612,2012,0.23263325,Solar photovoltaic levelized cost of energy,101746.325,Solar photovoltaic
613,2012,0.23263325,Solar photovoltaic levelized cost of energy,2566.52,Concentrated solar power
614,2012,0.23263325,Solar photovoltaic levelized cost of energy,76918.652,Bioenergy
615,2012,0.23263325,Solar photovoltaic levelized cost of energy,10748.065,Geothermal
616,2012,0.3375742,Concentrated solar power levelized cost of energy,1090156.2277,Hydropower
617,2012,0.3375742,Concentrated solar power levelized cost of energy,261582.869,Onshore wind energy
618,2012,0.3375742,Concentrated solar power levelized cost of energy,5333.95,Offshore wind energy
619,2012,0.3375742,Concentrated solar power levelized cost of energy,101746.325,Solar photovoltaic
620,2012,0.3375742,Concentrated solar power levelized cost of energy,2566.52,Concentrated solar power
621,2012,0.3375742,Concentrated solar power levelized cost of energy,76918.652,Bioenergy
622,2012,0.3375742,Concentrated solar power levelized cost of energy,10748.065,Geothermal
623,2012,0.038037654,Hydropower levelized cost of energy,1090156.2277,Hydropower
624,2012,0.038037654,Hydropower levelized cost of energy,261582.869,Onshore wind energy
625,2012,0.038037654,Hydropower levelized cost of energy,5333.95,Offshore wind energy
626,2012,0.038037654,Hydropower levelized cost of energy,101746.325,Solar photovoltaic
627,2012,0.038037654,Hydropower levelized cost of energy,2566.52,Concentrated solar power
628,2012,0.038037654,Hydropower levelized cost of energy,76918.652,Bioenergy
629,2012,0.038037654,Hydropower levelized cost of energy,10748.065,Geothermal
630,2012,0.08839028,Onshore wind levelized cost of energy,1090156.2277,Hydropower
631,2012,0.08839028,Onshore wind levelized cost of energy,261582.869,Onshore wind energy
632,2012,0.08839028,Onshore wind levelized cost of energy,5333.95,Offshore wind energy
633,2012,0.08839028,Onshore wind levelized cost of energy,101746.325,Solar photovoltaic
634,2012,0.08839028,Onshore wind levelized cost of energy,2566.52,Concentrated solar power
635,2012,0.08839028,Onshore wind levelized cost of energy,76918.652,Bioenergy
636,2012,0.08839028,Onshore wind levelized cost of energy,10748.065,Geothermal
637,2013,0.08219819,Bioenergy levelized cost of energy,1137117.0207,Hydropower
638,2013,0.08219819,Bioenergy levelized cost of energy,292667.092,Onshore wind energy
639,2013,0.08219819,Bioenergy levelized cost of energy,7171.25,Offshore wind energy
640,2013,0.08219819,Bioenergy levelized cost of energy,137227.964,Solar photovoltaic
641,2013,0.08219819,Bioenergy levelized cost of energy,3941.933,Concentrated solar power
642,2013,0.08219819,Bioenergy levelized cost of energy,84412.695,Bioenergy
643,2013,0.08219819,Bioenergy levelized cost of energy,10988.865,Geothermal
644,2013,0.06411118,Geothermal levelized cost of energy,1137117.0207,Hydropower
645,2013,0.06411118,Geothermal levelized cost of energy,292667.092,Onshore wind energy
646,2013,0.06411118,Geothermal levelized cost of energy,7171.25,Offshore wind energy
647,2013,0.06411118,Geothermal levelized cost of energy,137227.964,Solar photovoltaic
648,2013,0.06411118,Geothermal levelized cost of energy,3941.933,Concentrated solar power
649,2013,0.06411118,Geothermal levelized cost of energy,84412.695,Bioenergy
650,2013,0.06411118,Geothermal levelized cost of energy,10988.865,Geothermal
651,2013,0.16666164,Offshore wind levelized cost of energy,1137117.0207,Hydropower
652,2013,0.16666164,Offshore wind levelized cost of energy,292667.092,Onshore wind energy
653,2013,0.16666164,Offshore wind levelized cost of energy,7171.25,Offshore wind energy
654,2013,0.16666164,Offshore wind levelized cost of energy,137227.964,Solar photovoltaic
655,2013,0.16666164,Offshore wind levelized cost of energy,3941.933,Concentrated solar power
656,2013,0.16666164,Offshore wind levelized cost of energy,84412.695,Bioenergy
657,2013,0.16666164,Offshore wind levelized cost of energy,10988.865,Geothermal
658,2013,0.1794014,Solar photovoltaic levelized cost of energy,1137117.0207,Hydropower
659,2013,0.1794014,Solar photovoltaic levelized cost of energy,292667.092,Onshore wind energy
660,2013,0.1794014,Solar photovoltaic levelized cost of energy,7171.25,Offshore wind energy
661,2013,0.1794014,Solar photovoltaic levelized cost of energy,137227.964,Solar photovoltaic
662,2013,0.1794014,Solar photovoltaic levelized cost of energy,3941.933,Concentrated solar power
663,2013,0.1794014,Solar photovoltaic levelized cost of energy,84412.695,Bioenergy
664,2013,0.1794014,Solar photovoltaic levelized cost of energy,10988.865,Geothermal
665,2013,0.24888833,Concentrated solar power levelized cost of energy,1137117.0207,Hydropower
666,2013,0.24888833,Concentrated solar power levelized cost of energy,292667.092,Onshore wind energy
667,2013,0.24888833,Concentrated solar power levelized cost of energy,7171.25,Offshore wind energy
668,2013,0.24888833,Concentrated solar power levelized cost of energy,137227.964,Solar photovoltaic
669,2013,0.24888833,Concentrated solar power levelized cost of energy,3941.933,Concentrated solar power
670,2013,0.24888833,Concentrated solar power levelized cost of energy,84412.695,Bioenergy
671,2013,0.24888833,Concentrated solar power levelized cost of energy,10988.865,Geothermal
672,2013,0.042512473,Hydropower levelized cost of energy,1137117.0207,Hydropower
673,2013,0.042512473,Hydropower levelized cost of energy,292667.092,Onshore wind energy
674,2013,0.042512473,Hydropower levelized cost of energy,7171.25,Offshore wind energy
675,2013,0.042512473,Hydropower levelized cost of energy,137227.964,Solar photovoltaic
676,2013,0.042512473,Hydropower levelized cost of energy,3941.933,Concentrated solar power
677,2013,0.042512473,Hydropower levelized cost of energy,84412.695,Bioenergy
678,2013,0.042512473,Hydropower levelized cost of energy,10988.865,Geothermal
679,2013,0.08920628,Onshore wind levelized cost of energy,1137117.0207,Hydropower
680,2013,0.08920628,Onshore wind levelized cost of energy,292667.092,Onshore wind energy
681,2013,0.08920628,Onshore wind levelized cost of energy,7171.25,Offshore wind energy
682,2013,0.08920628,Onshore wind levelized cost of energy,137227.964,Solar photovoltaic
683,2013,0.08920628,Onshore wind levelized cost of energy,3941.933,Concentrated solar power
684,2013,0.08920628,Onshore wind levelized cost of energy,84412.695,Bioenergy
685,2013,0.08920628,Onshore wind levelized cost of energy,10988.865,Geothermal
686,2014,0.08237512,Bioenergy levelized cost of energy,1175547.9267,Hydropower
687,2014,0.08237512,Bioenergy levelized cost of energy,340814.044,Onshore wind energy
688,2014,0.08237512,Bioenergy levelized cost of energy,8491.77,Offshore wind energy
689,2014,0.08237512,Bioenergy levelized cost of energy,175617.173,Solar photovoltaic
690,2014,0.08237512,Bioenergy levelized cost of energy,4598.933,Concentrated solar power
691,2014,0.08237512,Bioenergy levelized cost of energy,90484.375,Bioenergy
692,2014,0.08237512,Bioenergy levelized cost of energy,11429.415,Geothermal
693,2014,0.06533503,Geothermal levelized cost of energy,1175547.9267,Hydropower
694,2014,0.06533503,Geothermal levelized cost of energy,340814.044,Onshore wind energy
695,2014,0.06533503,Geothermal levelized cost of energy,8491.77,Offshore wind energy
696,2014,0.06533503,Geothermal levelized cost of energy,175617.173,Solar photovoltaic
697,2014,0.06533503,Geothermal levelized cost of energy,4598.933,Concentrated solar power
698,2014,0.06533503,Geothermal levelized cost of energy,90484.375,Bioenergy
699,2014,0.06533503,Geothermal levelized cost of energy,11429.415,Geothermal
700,2014,0.17219925,Offshore wind levelized cost of energy,1175547.9267,Hydropower
701,2014,0.17219925,Offshore wind levelized cost of energy,340814.044,Onshore wind energy
702,2014,0.17219925,Offshore wind levelized cost of energy,8491.77,Offshore wind energy
703,2014,0.17219925,Offshore wind levelized cost of energy,175617.173,Solar photovoltaic
704,2014,0.17219925,Offshore wind levelized cost of energy,4598.933,Concentrated solar power
705,2014,0.17219925,Offshore wind levelized cost of energy,90484.375,Bioenergy
706,2014,0.17219925,Offshore wind levelized cost of energy,11429.415,Geothermal
707,2014,0.16125813,Solar photovoltaic levelized cost of energy,1175547.9267,Hydropower
708,2014,0.16125813,Solar photovoltaic levelized cost of energy,340814.044,Onshore wind energy
709,2014,0.16125813,Solar photovoltaic levelized cost of energy,8491.77,Offshore wind energy
710,2014,0.16125813,Solar photovoltaic levelized cost of energy,175617.173,Solar photovoltaic
711,2014,0.16125813,Solar photovoltaic levelized cost of energy,4598.933,Concentrated solar power
712,2014,0.16125813,Solar photovoltaic levelized cost of energy,90484.375,Bioenergy
713,2014,0.16125813,Solar photovoltaic levelized cost of energy,11429.415,Geothermal
714,2014,0.21637706,Concentrated solar power levelized cost of energy,1175547.9267,Hydropower
715,2014,0.21637706,Concentrated solar power levelized cost of energy,340814.044,Onshore wind energy
716,2014,0.21637706,Concentrated solar power levelized cost of energy,8491.77,Offshore wind energy
717,2014,0.21637706,Concentrated solar power levelized cost of energy,175617.173,Solar photovoltaic
718,2014,0.21637706,Concentrated solar power levelized cost of energy,4598.933,Concentrated solar power
719,2014,0.21637706,Concentrated solar power levelized cost of energy,90484.375,Bioenergy
720,2014,0.21637706,Concentrated solar power levelized cost of energy,11429.415,Geothermal
721,2014,0.042456634,Hydropower levelized cost of energy,1175547.9267,Hydropower
722,2014,0.042456634,Hydropower levelized cost of energy,340814.044,Onshore wind energy
723,2014,0.042456634,Hydropower levelized cost of energy,8491.77,Offshore wind energy
724,2014,0.042456634,Hydropower levelized cost of energy,175617.173,Solar photovoltaic
725,2014,0.042456634,Hydropower levelized cost of energy,4598.933,Concentrated solar power
726,2014,0.042456634,Hydropower levelized cost of energy,90484.375,Bioenergy
727,2014,0.042456634,Hydropower levelized cost of energy,11429.415,Geothermal
728,2014,0.080203146,Onshore wind levelized cost of energy,1175547.9267,Hydropower
729,2014,0.080203146,Onshore wind levelized cost of energy,340814.044,Onshore wind energy
730,2014,0.080203146,Onshore wind levelized cost of energy,8491.77,Offshore wind energy
731,2014,0.080203146,Onshore wind levelized cost of energy,175617.173,Solar photovoltaic
732,2014,0.080203146,Onshore wind levelized cost of energy,4598.933,Concentrated solar power
733,2014,0.080203146,Onshore wind levelized cost of energy,90484.375,Bioenergy
734,2014,0.080203146,Onshore wind levelized cost of energy,11429.415,Geothermal
735,2015,0.07277113,Bioenergy levelized cost of energy,1210201.7977,Hydropower
736,2015,0.07277113,Bioenergy levelized cost of energy,404451.601,Onshore wind energy
737,2015,0.07277113,Bioenergy levelized cost of energy,11717.57,Offshore wind energy
738,2015,0.07277113,Bioenergy levelized cost of energy,223203.629,Solar photovoltaic
739,2015,0.07277113,Bioenergy levelized cost of energy,4850.043,Concentrated solar power
740,2015,0.07277113,Bioenergy levelized cost of energy,96257.066,Bioenergy
741,2015,0.07277113,Bioenergy levelized cost of energy,12091.425,Geothermal
742,2015,0.05884901,Geothermal levelized cost of energy,1210201.7977,Hydropower
743,2015,0.05884901,Geothermal levelized cost of energy,404451.601,Onshore wind energy
744,2015,0.05884901,Geothermal levelized cost of energy,11717.57,Offshore wind energy
745,2015,0.05884901,Geothermal levelized cost of energy,223203.629,Solar photovoltaic
746,2015,0.05884901,Geothermal levelized cost of energy,4850.043,Concentrated solar power
747,2015,0.05884901,Geothermal levelized cost of energy,96257.066,Bioenergy
748,2015,0.05884901,Geothermal levelized cost of energy,12091.425,Geothermal
749,2015,0.14052741,Offshore wind levelized cost of energy,1210201.7977,Hydropower
750,2015,0.14052741,Offshore wind levelized cost of energy,404451.601,Onshore wind energy
751,2015,0.14052741,Offshore wind levelized cost of energy,11717.57,Offshore wind energy
752,2015,0.14052741,Offshore wind levelized cost of energy,223203.629,Solar photovoltaic
753,2015,0.14052741,Offshore wind levelized cost of energy,4850.043,Concentrated solar power
754,2015,0.14052741,Offshore wind levelized cost of energy,96257.066,Bioenergy
755,2015,0.14052741,Offshore wind levelized cost of energy,12091.425,Geothermal
756,2015,0.12107989,Solar photovoltaic levelized cost of energy,1210201.7977,Hydropower
757,2015,0.12107989,Solar photovoltaic levelized cost of energy,404451.601,Onshore wind energy
758,2015,0.12107989,Solar photovoltaic levelized cost of energy,11717.57,Offshore wind energy
759,2015,0.12107989,Solar photovoltaic levelized cost of energy,223203.629,Solar photovoltaic
760,2015,0.12107989,Solar photovoltaic levelized cost of energy,4850.043,Concentrated solar power
761,2015,0.12107989,Solar photovoltaic levelized cost of energy,96257.066,Bioenergy
762,2015,0.12107989,Solar photovoltaic levelized cost of energy,12091.425,Geothermal
763,2015,0.223889,Concentrated solar power levelized cost of energy,1210201.7977,Hydropower
764,2015,0.223889,Concentrated solar power levelized cost of energy,404451.601,Onshore wind energy
765,2015,0.223889,Concentrated solar power levelized cost of energy,11717.57,Offshore wind energy
766,2015,0.223889,Concentrated solar power levelized cost of energy,223203.629,Solar photovoltaic
767,2015,0.223889,Concentrated solar power levelized cost of energy,4850.043,Concentrated solar power
768,2015,0.223889,Concentrated solar power levelized cost of energy,96257.066,Bioenergy
769,2015,0.223889,Concentrated solar power levelized cost of energy,12091.425,Geothermal
770,2015,0.036572017,Hydropower levelized cost of energy,1210201.7977,Hydropower
771,2015,0.036572017,Hydropower levelized cost of energy,404451.601,Onshore wind energy
772,2015,0.036572017,Hydropower levelized cost of energy,11717.57,Offshore wind energy
773,2015,0.036572017,Hydropower levelized cost of energy,223203.629,Solar photovoltaic
774,2015,0.036572017,Hydropower levelized cost of energy,4850.043,Concentrated solar power
775,2015,0.036572017,Hydropower levelized cost of energy,96257.066,Bioenergy
776,2015,0.036572017,Hydropower levelized cost of energy,12091.425,Geothermal
777,2015,0.068961546,Onshore wind levelized cost of energy,1210201.7977,Hydropower
778,2015,0.068961546,Onshore wind levelized cost of energy,404451.601,Onshore wind energy
779,2015,0.068961546,Onshore wind levelized cost of energy,11717.57,Offshore wind energy
780,2015,0.068961546,Onshore wind levelized cost of energy,223203.629,Solar photovoltaic
781,2015,0.068961546,Onshore wind levelized cost of energy,4850.043,Concentrated solar power
782,2015,0.068961546,Onshore wind levelized cost of energy,96257.066,Bioenergy
783,2015,0.068961546,Onshore wind levelized cost of energy,12091.425,Geothermal
784,2016,0.071178205,Bioenergy levelized cost of energy,1245460.3997,Hydropower
785,2016,0.071178205,Bioenergy levelized cost of energy,452524.173,Onshore wind energy
786,2016,0.071178205,Bioenergy levelized cost of energy,14341.85,Offshore wind energy
787,2016,0.071178205,Bioenergy levelized cost of energy,295228.957,Solar photovoltaic
788,2016,0.071178205,Bioenergy levelized cost of energy,4970.043,Concentrated solar power
789,2016,0.071178205,Bioenergy levelized cost of energy,105209.275,Bioenergy
790,2016,0.071178205,Bioenergy levelized cost of energy,12411.334,Geothermal
791,2016,0.06780182,Geothermal levelized cost of energy,1245460.3997,Hydropower
792,2016,0.06780182,Geothermal levelized cost of energy,452524.173,Onshore wind energy
793,2016,0.06780182,Geothermal levelized cost of energy,14341.85,Offshore wind energy
794,2016,0.06780182,Geothermal levelized cost of energy,295228.957,Solar photovoltaic
795,2016,0.06780182,Geothermal levelized cost of energy,4970.043,Concentrated solar power
796,2016,0.06780182,Geothermal levelized cost of energy,105209.275,Bioenergy
797,2016,0.06780182,Geothermal levelized cost of energy,12411.334,Geothermal
798,2016,0.11632308,Offshore wind levelized cost of energy,1245460.3997,Hydropower
799,2016,0.11632308,Offshore wind levelized cost of energy,452524.173,Onshore wind energy
800,2016,0.11632308,Offshore wind levelized cost of energy,14341.85,Offshore wind energy
801,2016,0.11632308,Offshore wind levelized cost of energy,295228.957,Solar photovoltaic
802,2016,0.11632308,Offshore wind levelized cost of energy,4970.043,Concentrated solar power
803,2016,0.11632308,Offshore wind levelized cost of energy,105209.275,Bioenergy
804,2016,0.11632308,Offshore wind levelized cost of energy,12411.334,Geothermal
805,2016,0.106340416,Solar photovoltaic levelized cost of energy,1245460.3997,Hydropower
806,2016,0.106340416,Solar photovoltaic levelized cost of energy,452524.173,Onshore wind energy
807,2016,0.106340416,Solar photovoltaic levelized cost of energy,14341.85,Offshore wind energy
808,2016,0.106340416,Solar photovoltaic levelized cost of energy,295228.957,Solar photovoltaic
809,2016,0.106340416,Solar photovoltaic levelized cost of energy,4970.043,Concentrated solar power
810,2016,0.106340416,Solar photovoltaic levelized cost of energy,105209.275,Bioenergy
811,2016,0.106340416,Solar photovoltaic levelized cost of energy,12411.334,Geothermal
812,2016,0.24726917,Concentrated solar power levelized cost of energy,1245460.3997,Hydropower
813,2016,0.24726917,Concentrated solar power levelized cost of energy,452524.173,Onshore wind energy
814,2016,0.24726917,Concentrated solar power levelized cost of energy,14341.85,Offshore wind energy
815,2016,0.24726917,Concentrated solar power levelized cost of energy,295228.957,Solar photovoltaic
816,2016,0.24726917,Concentrated solar power levelized cost of energy,4970.043,Concentrated solar power
817,2016,0.24726917,Concentrated solar power levelized cost of energy,105209.275,Bioenergy
818,2016,0.24726917,Concentrated solar power levelized cost of energy,12411.334,Geothermal
819,2016,0.04838911,Hydropower levelized cost of energy,1245460.3997,Hydropower
820,2016,0.04838911,Hydropower levelized cost of energy,452524.173,Onshore wind energy
821,2016,0.04838911,Hydropower levelized cost of energy,14341.85,Offshore wind energy
822,2016,0.04838911,Hydropower levelized cost of energy,295228.957,Solar photovoltaic
823,2016,0.04838911,Hydropower levelized cost of energy,4970.043,Concentrated solar power
824,2016,0.04838911,Hydropower levelized cost of energy,105209.275,Bioenergy
825,2016,0.04838911,Hydropower levelized cost of energy,12411.334,Geothermal
826,2016,0.06385536,Onshore wind levelized cost of energy,1245460.3997,Hydropower
827,2016,0.06385536,Onshore wind levelized cost of energy,452524.173,Onshore wind energy
828,2016,0.06385536,Onshore wind levelized cost of energy,14341.85,Offshore wind energy
829,2016,0.06385536,Onshore wind levelized cost of energy,295228.957,Solar photovoltaic
830,2016,0.06385536,Onshore wind levelized cost of energy,4970.043,Concentrated solar power
831,2016,0.06385536,Onshore wind levelized cost of energy,105209.275,Bioenergy
832,2016,0.06385536,Onshore wind levelized cost of energy,12411.334,Geothermal
833,2017,0.07107003,Bioenergy levelized cost of energy,1270469.9097,Hydropower
834,2017,0.07107003,Bioenergy levelized cost of energy,495359.5,Onshore wind energy
835,2017,0.07107003,Bioenergy levelized cost of energy,18836.75,Offshore wind energy
836,2017,0.07107003,Bioenergy levelized cost of energy,390203.6141,Solar photovoltaic
837,2017,0.07107003,Bioenergy levelized cost of energy,5069.113,Concentrated solar power
838,2017,0.07107003,Bioenergy levelized cost of energy,110811.03,Bioenergy
839,2017,0.07107003,Bioenergy levelized cost of energy,13030.773,Geothermal
840,2017,0.07091718,Geothermal levelized cost of energy,1270469.9097,Hydropower
841,2017,0.07091718,Geothermal levelized cost of energy,495359.5,Onshore wind energy
842,2017,0.07091718,Geothermal levelized cost of energy,18836.75,Offshore wind energy
843,2017,0.07091718,Geothermal levelized cost of energy,390203.6141,Solar photovoltaic
844,2017,0.07091718,Geothermal levelized cost of energy,5069.113,Concentrated solar power
845,2017,0.07091718,Geothermal levelized cost of energy,110811.03,Bioenergy
846,2017,0.07091718,Geothermal levelized cost of energy,13030.773,Geothermal
847,2017,0.10615218,Offshore wind levelized cost of energy,1270469.9097,Hydropower
848,2017,0.10615218,Offshore wind levelized cost of energy,495359.5,Onshore wind energy
849,2017,0.10615218,Offshore wind levelized cost of energy,18836.75,Offshore wind energy
850,2017,0.10615218,Offshore wind levelized cost of energy,390203.6141,Solar photovoltaic
851,2017,0.10615218,Offshore wind levelized cost of energy,5069.113,Concentrated solar power
852,2017,0.10615218,Offshore wind levelized cost of energy,110811.03,Bioenergy
853,2017,0.10615218,Offshore wind levelized cost of energy,13030.773,Geothermal
854,2017,0.083659746,Solar photovoltaic levelized cost of energy,1270469.9097,Hydropower
855,2017,0.083659746,Solar photovoltaic levelized cost of energy,495359.5,Onshore wind energy
856,2017,0.083659746,Solar photovoltaic levelized cost of energy,18836.75,Offshore wind energy
857,2017,0.083659746,Solar photovoltaic levelized cost of energy,390203.6141,Solar photovoltaic
858,2017,0.083659746,Solar photovoltaic levelized cost of energy,5069.113,Concentrated solar power
859,2017,0.083659746,Solar photovoltaic levelized cost of energy,110811.03,Bioenergy
860,2017,0.083659746,Solar photovoltaic levelized cost of energy,13030.773,Geothermal
861,2017,0.20621318,Concentrated solar power levelized cost of energy,1270469.9097,Hydropower
862,2017,0.20621318,Concentrated solar power levelized cost of energy,495359.5,Onshore wind energy
863,2017,0.20621318,Concentrated solar power levelized cost of energy,18836.75,Offshore wind energy
864,2017,0.20621318,Concentrated solar power levelized cost of energy,390203.6141,Solar photovoltaic
865,2017,0.20621318,Concentrated solar power levelized cost of energy,5069.113,Concentrated solar power
866,2017,0.20621318,Concentrated solar power levelized cost of energy,110811.03,Bioenergy
867,2017,0.20621318,Concentrated solar power levelized cost of energy,13030.773,Geothermal
868,2017,0.05072171,Hydropower levelized cost of energy,1270469.9097,Hydropower
869,2017,0.05072171,Hydropower levelized cost of energy,495359.5,Onshore wind energy
870,2017,0.05072171,Hydropower levelized cost of energy,18836.75,Offshore wind energy
871,2017,0.05072171,Hydropower levelized cost of energy,390203.6141,Solar photovoltaic
872,2017,0.05072171,Hydropower levelized cost of energy,5069.113,Concentrated solar power
873,2017,0.05072171,Hydropower levelized cost of energy,110811.03,Bioenergy
874,2017,0.05072171,Hydropower levelized cost of energy,13030.773,Geothermal
875,2017,0.05995916,Onshore wind levelized cost of energy,1270469.9097,Hydropower
876,2017,0.05995916,Onshore wind levelized cost of energy,495359.5,Onshore wind energy
877,2017,0.05995916,Onshore wind levelized cost of energy,18836.75,Offshore wind energy
878,2017,0.05995916,Onshore wind levelized cost of energy,390203.6141,Solar photovoltaic
879,2017,0.05995916,Onshore wind levelized cost of energy,5069.113,Concentrated solar power
880,2017,0.05995916,Onshore wind levelized cost of energy,110811.03,Bioenergy
881,2017,0.05995916,Onshore wind levelized cost of energy,13030.773,Geothermal
882,2018,0.055360332,Bioenergy levelized cost of energy,1293203.7457,Hydropower
883,2018,0.055360332,Bioenergy levelized cost of energy,540726.356,Onshore wind energy
884,2018,0.055360332,Bioenergy levelized cost of energy,23589.6,Offshore wind energy
885,2018,0.055360332,Bioenergy levelized cost of energy,482990.3126,Solar photovoltaic
886,2018,0.055360332,Bioenergy levelized cost of energy,5810.934,Concentrated solar power
887,2018,0.055360332,Bioenergy levelized cost of energy,117993.89,Bioenergy
888,2018,0.055360332,Bioenergy levelized cost of energy,13477.021,Geothermal
889,2018,0.06758344,Geothermal levelized cost of energy,1293203.7457,Hydropower
890,2018,0.06758344,Geothermal levelized cost of energy,540726.356,Onshore wind energy
891,2018,0.06758344,Geothermal levelized cost of energy,23589.6,Offshore wind energy
892,2018,0.06758344,Geothermal levelized cost of energy,482990.3126,Solar photovoltaic
893,2018,0.06758344,Geothermal levelized cost of energy,5810.934,Concentrated solar power
894,2018,0.06758344,Geothermal levelized cost of energy,117993.89,Bioenergy
895,2018,0.06758344,Geothermal levelized cost of energy,13477.021,Geothermal
896,2018,0.10004871,Offshore wind levelized cost of energy,1293203.7457,Hydropower
897,2018,0.10004871,Offshore wind levelized cost of energy,540726.356,Onshore wind energy
898,2018,0.10004871,Offshore wind levelized cost of energy,23589.6,Offshore wind energy
899,2018,0.10004871,Offshore wind levelized cost of energy,482990.3126,Solar photovoltaic
900,2018,0.10004871,Offshore wind levelized cost of energy,5810.934,Concentrated solar power
901,2018,0.10004871,Offshore wind levelized cost of energy,117993.89,Bioenergy
902,2018,0.10004871,Offshore wind levelized cost of energy,13477.021,Geothermal
903,2018,0.07113868,Solar photovoltaic levelized cost of energy,1293203.7457,Hydropower
904,2018,0.07113868,Solar photovoltaic levelized cost of energy,540726.356,Onshore wind energy
905,2018,0.07113868,Solar photovoltaic levelized cost of energy,23589.6,Offshore wind energy
906,2018,0.07113868,Solar photovoltaic levelized cost of energy,482990.3126,Solar photovoltaic
907,2018,0.07113868,Solar photovoltaic levelized cost of energy,5810.934,Concentrated solar power
908,2018,0.07113868,Solar photovoltaic levelized cost of energy,117993.89,Bioenergy
909,2018,0.07113868,Solar photovoltaic levelized cost of energy,13477.021,Geothermal
910,2018,0.14910279,Concentrated solar power levelized cost of energy,1293203.7457,Hydropower
911,2018,0.14910279,Concentrated solar power levelized cost of energy,540726.356,Onshore wind energy
912,2018,0.14910279,Concentrated solar power levelized cost of energy,23589.6,Offshore wind energy
913,2018,0.14910279,Concentrated solar power levelized cost of energy,482990.3126,Solar photovoltaic
914,2018,0.14910279,Concentrated solar power levelized cost of energy,5810.934,Concentrated solar power
915,2018,0.14910279,Concentrated solar power levelized cost of energy,117993.89,Bioenergy
916,2018,0.14910279,Concentrated solar power levelized cost of energy,13477.021,Geothermal
917,2018,0.039836742,Hydropower levelized cost of energy,1293203.7457,Hydropower
918,2018,0.039836742,Hydropower levelized cost of energy,540726.356,Onshore wind energy
919,2018,0.039836742,Hydropower levelized cost of energy,23589.6,Offshore wind energy
920,2018,0.039836742,Hydropower levelized cost of energy,482990.3126,Solar photovoltaic
921,2018,0.039836742,Hydropower levelized cost of energy,5810.934,Concentrated solar power
922,2018,0.039836742,Hydropower levelized cost of energy,117993.89,Bioenergy
923,2018,0.039836742,Hydropower levelized cost of energy,13477.021,Geothermal
924,2018,0.05087996,Onshore wind levelized cost of energy,1293203.7457,Hydropower
925,2018,0.05087996,Onshore wind levelized cost of energy,540726.356,Onshore wind energy
926,2018,0.05087996,Onshore wind levelized cost of energy,23589.6,Offshore wind energy
927,2018,0.05087996,Onshore wind levelized cost of energy,482990.3126,Solar photovoltaic
928,2018,0.05087996,Onshore wind levelized cost of energy,5810.934,Concentrated solar power
929,2018,0.05087996,Onshore wind levelized cost of energy,117993.89,Bioenergy
930,2018,0.05087996,Onshore wind levelized cost of energy,13477.021,Geothermal
931,2019,0.06393309,Bioenergy levelized cost of energy,1311570.8587,Hydropower
932,2019,0.06393309,Bioenergy levelized cost of energy,592780.904,Onshore wind energy
933,2019,0.06393309,Bioenergy levelized cost of energy,28302.3,Offshore wind energy
934,2019,0.06393309,Bioenergy levelized cost of energy,584623.1626,Solar photovoltaic
935,2019,0.06393309,Bioenergy levelized cost of energy,6376.884,Concentrated solar power
936,2019,0.06393309,Bioenergy levelized cost of energy,123812.523,Bioenergy
937,2019,0.06393309,Bioenergy levelized cost of energy,14095.061,Geothermal
938,2019,0.067305215,Geothermal levelized cost of energy,1311570.8587,Hydropower
939,2019,0.067305215,Geothermal levelized cost of energy,592780.904,Onshore wind energy
940,2019,0.067305215,Geothermal levelized cost of energy,28302.3,Offshore wind energy
941,2019,0.067305215,Geothermal levelized cost of energy,584623.1626,Solar photovoltaic
942,2019,0.067305215,Geothermal levelized cost of energy,6376.884,Concentrated solar power
943,2019,0.067305215,Geothermal levelized cost of energy,123812.523,Bioenergy
944,2019,0.067305215,Geothermal levelized cost of energy,14095.061,Geothermal
945,2019,0.08638764,Offshore wind levelized cost of energy,1311570.8587,Hydropower
946,2019,0.08638764,Offshore wind levelized cost of energy,592780.904,Onshore wind energy
947,2019,0.08638764,Offshore wind levelized cost of energy,28302.3,Offshore wind energy
948,2019,0.08638764,Offshore wind levelized cost of energy,584623.1626,Solar photovoltaic
949,2019,0.08638764,Offshore wind levelized cost of energy,6376.884,Concentrated solar power
950,2019,0.08638764,Offshore wind levelized cost of energy,123812.523,Bioenergy
951,2019,0.08638764,Offshore wind levelized cost of energy,14095.061,Geothermal
952,2019,0.062119152,Solar photovoltaic levelized cost of energy,1311570.8587,Hydropower
953,2019,0.062119152,Solar photovoltaic levelized cost of energy,592780.904,Onshore wind energy
954,2019,0.062119152,Solar photovoltaic levelized cost of energy,28302.3,Offshore wind energy
955,2019,0.062119152,Solar photovoltaic levelized cost of energy,584623.1626,Solar photovoltaic
956,2019,0.062119152,Solar photovoltaic levelized cost of energy,6376.884,Concentrated solar power
957,2019,0.062119152,Solar photovoltaic levelized cost of energy,123812.523,Bioenergy
958,2019,0.062119152,Solar photovoltaic levelized cost of energy,14095.061,Geothermal
959,2019,0.21183106,Concentrated solar power levelized cost of energy,1311570.8587,Hydropower
960,2019,0.21183106,Concentrated solar power levelized cost of energy,592780.904,Onshore wind energy
961,2019,0.21183106,Concentrated solar power levelized cost of energy,28302.3,Offshore wind energy
962,2019,0.21183106,Concentrated solar power levelized cost of energy,584623.1626,Solar photovoltaic
963,2019,0.21183106,Concentrated solar power levelized cost of energy,6376.884,Concentrated solar power
964,2019,0.21183106,Concentrated solar power levelized cost of energy,123812.523,Bioenergy
965,2019,0.21183106,Concentrated solar power levelized cost of energy,14095.061,Geothermal
966,2019,0.041408572,Hydropower levelized cost of energy,1311570.8587,Hydropower
967,2019,0.041408572,Hydropower levelized cost of energy,592780.904,Onshore wind energy
968,2019,0.041408572,Hydropower levelized cost of energy,28302.3,Offshore wind energy
969,2019,0.041408572,Hydropower levelized cost of energy,584623.1626,Solar photovoltaic
970,2019,0.041408572,Hydropower levelized cost of energy,6376.884,Concentrated solar power
971,2019,0.041408572,Hydropower levelized cost of energy,123812.523,Bioenergy
972,2019,0.041408572,Hydropower levelized cost of energy,14095.061,Geothermal
973,2019,0.044592004,Onshore wind levelized cost of energy,1311570.8587,Hydropower
974,2019,0.044592004,Onshore wind levelized cost of energy,592780.904,Onshore wind energy
975,2019,0.044592004,Onshore wind levelized cost of energy,28302.3,Offshore wind energy
976,2019,0.044592004,Onshore wind levelized cost of energy,584623.1626,Solar photovoltaic
977,2019,0.044592004,Onshore wind levelized cost of energy,6376.884,Concentrated solar power
978,2019,0.044592004,Onshore wind levelized cost of energy,123812.523,Bioenergy
979,2019,0.044592004,Onshore wind levelized cost of energy,14095.061,Geothermal
980,2020,0.07247308,Bioenergy levelized cost of energy,1335495.7917,Hydropower
981,2020,0.07247308,Bioenergy levelized cost of energy,697265.503,Onshore wind energy
982,2020,0.07247308,Bioenergy levelized cost of energy,34357.65,Offshore wind energy
983,2020,0.07247308,Bioenergy levelized cost of energy,710700.2416,Solar photovoltaic
984,2020,0.07247308,Bioenergy levelized cost of energy,6510.684,Concentrated solar power
985,2020,0.07247308,Bioenergy levelized cost of energy,132870.774,Bioenergy
986,2020,0.07247308,Bioenergy levelized cost of energy,14437.561,Geothermal
987,2020,0.054264043,Geothermal levelized cost of energy,1335495.7917,Hydropower
988,2020,0.054264043,Geothermal levelized cost of energy,697265.503,Onshore wind energy
989,2020,0.054264043,Geothermal levelized cost of energy,34357.65,Offshore wind energy
990,2020,0.054264043,Geothermal levelized cost of energy,710700.2416,Solar photovoltaic
991,2020,0.054264043,Geothermal levelized cost of energy,6510.684,Concentrated solar power
992,2020,0.054264043,Geothermal levelized cost of energy,132870.774,Bioenergy
993,2020,0.054264043,Geothermal levelized cost of energy,14437.561,Geothermal
994,2020,0.08626575,Offshore wind levelized cost of energy,1335495.7917,Hydropower
995,2020,0.08626575,Offshore wind levelized cost of energy,697265.503,Onshore wind energy
996,2020,0.08626575,Offshore wind levelized cost of energy,34357.65,Offshore wind energy
997,2020,0.08626575,Offshore wind levelized cost of energy,710700.2416,Solar photovoltaic
998,2020,0.08626575,Offshore wind levelized cost of energy,6510.684,Concentrated solar power
999,2020,0.08626575,Offshore wind levelized cost of energy,132870.774,Bioenergy
1000,2020,0.08626575,Offshore wind levelized cost of energy,14437.561,Geothermal
1001,2020,0.055443965,Solar photovoltaic levelized cost of energy,1335495.7917,Hydropower
1002,2020,0.055443965,Solar photovoltaic levelized cost of energy,697265.503,Onshore wind energy
1003,2020,0.055443965,Solar photovoltaic levelized cost of energy,34357.65,Offshore wind energy
1004,2020,0.055443965,Solar photovoltaic levelized cost of energy,710700.2416,Solar photovoltaic
1005,2020,0.055443965,Solar photovoltaic levelized cost of energy,6510.684,Concentrated solar power
1006,2020,0.055443965,Solar photovoltaic levelized cost of energy,132870.774,Bioenergy
1007,2020,0.055443965,Solar photovoltaic levelized cost of energy,14437.561,Geothermal
1008,2020,0.10665299,Concentrated solar power levelized cost of energy,1335495.7917,Hydropower
1009,2020,0.10665299,Concentrated solar power levelized cost of energy,697265.503,Onshore wind energy
1010,2020,0.10665299,Concentrated solar power levelized cost of energy,34357.65,Offshore wind energy
1011,2020,0.10665299,Concentrated solar power levelized cost of energy,710700.2416,Solar photovoltaic
1012,2020,0.10665299,Concentrated solar power levelized cost of energy,6510.684,Concentrated solar power
1013,2020,0.10665299,Concentrated solar power levelized cost of energy,132870.774,Bioenergy
1014,2020,0.10665299,Concentrated solar power levelized cost of energy,14437.561,Geothermal
1015,2020,0.045965873,Hydropower levelized cost of energy,1335495.7917,Hydropower
1016,2020,0.045965873,Hydropower levelized cost of energy,697265.503,Onshore wind energy
1017,2020,0.045965873,Hydropower levelized cost of energy,34357.65,Offshore wind energy
1018,2020,0.045965873,Hydropower levelized cost of energy,710700.2416,Solar photovoltaic
1019,2020,0.045965873,Hydropower levelized cost of energy,6510.684,Concentrated solar power
1020,2020,0.045965873,Hydropower levelized cost of energy,132870.774,Bioenergy
1021,2020,0.045965873,Hydropower levelized cost of energy,14437.561,Geothermal
1022,2020,0.03713682,Onshore wind levelized cost of energy,1335495.7917,Hydropower
1023,2020,0.03713682,Onshore wind levelized cost of energy,697265.503,Onshore wind energy
1024,2020,0.03713682,Onshore wind levelized cost of energy,34357.65,Offshore wind energy
1025,2020,0.03713682,Onshore wind levelized cost of energy,710700.2416,Solar photovoltaic
1026,2020,0.03713682,Onshore wind levelized cost of energy,6510.684,Concentrated solar power
1027,2020,0.03713682,Onshore wind levelized cost of energy,132870.774,Bioenergy
1028,2020,0.03713682,Onshore wind levelized cost of energy,14437.561,Geothermal
1029,2021,0.067342535,Bioenergy levelized cost of energy,1360502.0497,Hydropower
1030,2021,0.067342535,Bioenergy levelized cost of energy,769227.387,Onshore wind energy
1031,2021,0.067342535,Bioenergy levelized cost of energy,54256.98,Offshore wind energy
1032,2021,0.067342535,Bioenergy levelized cost of energy,848404.5486,Solar photovoltaic
1033,2021,0.067342535,Bioenergy levelized cost of energy,6390.554,Concentrated solar power
1034,2021,0.067342535,Bioenergy levelized cost of energy,143194.631,Bioenergy
1035,2021,0.067342535,Bioenergy levelized cost of energy,15959.561,Geothermal
1036,2021,0.06761599,Geothermal levelized cost of energy,1360502.0497,Hydropower
1037,2021,0.06761599,Geothermal levelized cost of energy,769227.387,Onshore wind energy
1038,2021,0.06761599,Geothermal levelized cost of energy,54256.98,Offshore wind energy
1039,2021,0.06761599,Geothermal levelized cost of energy,848404.5486,Solar photovoltaic
1040,2021,0.06761599,Geothermal levelized cost of energy,6390.554,Concentrated solar power
1041,2021,0.06761599,Geothermal levelized cost of energy,143194.631,Bioenergy
1042,2021,0.06761599,Geothermal levelized cost of energy,15959.561,Geothermal
1043,2021,0.07516697,Offshore wind levelized cost of energy,1360502.0497,Hydropower
1044,2021,0.07516697,Offshore wind levelized cost of energy,769227.387,Onshore wind energy
1045,2021,0.07516697,Offshore wind levelized cost of energy,54256.98,Offshore wind energy
1046,2021,0.07516697,Offshore wind levelized cost of energy,848404.5486,Solar photovoltaic
1047,2021,0.07516697,Offshore wind levelized cost of energy,6390.554,Concentrated solar power
1048,2021,0.07516697,Offshore wind levelized cost of energy,143194.631,Bioenergy
1049,2021,0.07516697,Offshore wind levelized cost of energy,15959.561,Geothermal
1050,2021,0.04834554,Solar photovoltaic levelized cost of energy,1360502.0497,Hydropower
1051,2021,0.04834554,Solar photovoltaic levelized cost of energy,769227.387,Onshore wind energy
1052,2021,0.04834554,Solar photovoltaic levelized cost of energy,54256.98,Offshore wind energy
1053,2021,0.04834554,Solar photovoltaic levelized cost of energy,848404.5486,Solar photovoltaic
1054,2021,0.04834554,Solar photovoltaic levelized cost of energy,6390.554,Concentrated solar power
1055,2021,0.04834554,Solar photovoltaic levelized cost of energy,143194.631,Bioenergy
1056,2021,0.04834554,Solar photovoltaic levelized cost of energy,15959.561,Geothermal
1057,2021,0.11424175,Concentrated solar power levelized cost of energy,1360502.0497,Hydropower
1058,2021,0.11424175,Concentrated solar power levelized cost of energy,769227.387,Onshore wind energy
1059,2021,0.11424175,Concentrated solar power levelized cost of energy,54256.98,Offshore wind energy
1060,2021,0.11424175,Concentrated solar power levelized cost of energy,848404.5486,Solar photovoltaic
1061,2021,0.11424175,Concentrated solar power levelized cost of energy,6390.554,Concentrated solar power
1062,2021,0.11424175,Concentrated solar power levelized cost of energy,143194.631,Bioenergy
1063,2021,0.11424175,Concentrated solar power levelized cost of energy,15959.561,Geothermal
1064,2021,0.04829987,Hydropower levelized cost of energy,1360502.0497,Hydropower
1065,2021,0.04829987,Hydropower levelized cost of energy,769227.387,Onshore wind energy
1066,2021,0.04829987,Hydropower levelized cost of energy,54256.98,Offshore wind energy
1067,2021,0.04829987,Hydropower levelized cost of energy,848404.5486,Solar photovoltaic
1068,2021,0.04829987,Hydropower levelized cost of energy,6390.554,Concentrated solar power
1069,2021,0.04829987,Hydropower levelized cost of energy,143194.631,Bioenergy
1070,2021,0.04829987,Hydropower levelized cost of energy,15959.561,Geothermal
1071,2021,0.033123367,Onshore wind levelized cost of energy,1360502.0497,Hydropower
1072,2021,0.033123367,Onshore wind levelized cost of energy,769227.387,Onshore wind energy
1073,2021,0.033123367,Onshore wind levelized cost of energy,54256.98,Offshore wind energy
1074,2021,0.033123367,Onshore wind levelized cost of energy,848404.5486,Solar photovoltaic
1075,2021,0.033123367,Onshore wind levelized cost of energy,6390.554,Concentrated solar power
1076,2021,0.033123367,Onshore wind levelized cost of energy,143194.631,Bioenergy
1077,2021,0.033123367,Onshore wind levelized cost of energy,15959.561,Geothermal
